"Colkat","Familie","Genus","Art","Ref","xylobiont","Rote.Liste","Urwaldrelikt"
"01-.009-.008-.","Carabidae","Notiophilus","biguttatus","(Fabricius, 1779)","n","n","n"
"01-.021-.006-.","Carabidae","Trechus","quadristriatus","(Schrank, 1781)","n","n","n"
"01-.029-.010-.","Carabidae","Bembidion","lampros","(Herbst, 1784)","n","n","n"
"01-.029-.049-.","Carabidae","Bembidion","lunatum","(Duftschmid, 1812)","n","3","n"
"01-.029-.090-.","Carabidae","Bembidion","quadrimaculatum","(Linnaeus, 1760)","n","n","n"
"01-.029-.103-.","Carabidae","Bembidion","lunulatum","(Geoffroy, 1785)","n","n","n"
"01-.037-.001-.","Carabidae","Anisodactylus","bintatus","(Fabricius, 1787)","n","n","n"
"01-.038-.001-.","Carabidae","Diachromus","germanus","(Linnaeus, 1758)","n","n","n"
"01-.041-.020-.","Carabidae","Harpalus","signaticornis","(Duftschmid, 1812)","n","n","n"
"01-.041-.021-.","Carabidae","Harpalus","rufipes","(De Geer, 1774)","n","n","n"
"01-.041-.030-.","Carabidae","Harpalus","affinis","(Schrank, 1781)","n","n","n"
"01-.041-.031-.","Carabidae","Harpalus","distinguendus","(Duftschmid, 1812)","n","n","n"
"01-.042-.004-.","Carabidae","Stenlophus","mixtus","(Herbst, 1784)","n","n","n"
"01-.046-.002-.","Carabidae","Acupalpus","flavicollis","(Sturm, 1825)","n","n","n"
"01-.050-.007-.","Carabidae","Poecilus","cupreus","(Linnaeus, 1758)","n","n","n"
"01-.051-.011-.","Carabidae","Pterostichus","strenuus","(Panzer, 1796)","n","n","n"
"01-.051-.024-.","Carabidae","Pterostichus","oblongopunctatus","(Fabricius, 1787)","n","n","n"
"01-.0631.003-.","Carabidae","Limodromus","assimilis","(Paykull, 1790)","n","n","n"
"01-.0632.001-.","Carabidae","Paranchus","albipes","(Fabricius, 1796)","n","n","n"
"01-.065-.008-.","Carabidae","Amara","similata","(Gyllenhal, 1810)","n","n","n"
"01-.065-.009-.","Carabidae","Amara","ovata","(Fabricius, 1792)","n","n","n"
"01-.065-.013-.","Carabidae","Amara","convexior","Stephens, 1828","n","n","n"
"01-.065-.014-.","Carabidae","Amara","communis","(Panzer, 1797)","n","n","n"
"01-.065-.021-.","Carabidae","Amara","aenea","(De Geer, 1774)","n","n","n"
"01-.065-.022-.","Carabidae","Amara","eurynta","(Panzer, 1796)","n","n","n"
"01-.065-.026-.","Carabidae","Amara","familiaris","(Duftschmid, 1812)","n","n","n"
"01-.065-.036-.","Carabidae","Amara","bifrons","(Gyllenhal, 1810)","n","n","n"
"01-.076-.001-.","Carabidae","Demetrias","atricapillus","(Linnaeus, 1758)","n","n","n"
"01-.079-.004-.","Carabidae","Dromius","agilis","(Fabricius, 1787)","n","n","n"
"01-.079-.012-.","Carabidae","Dromius","quadrimaculatus","(Linnaeus, 1758)","n","n","n"
"01-.0791.001-.","Carabidae","Calodromius","spilotus","(Illiger, 1798)","n","n","n"
"01-.0792.002-.","Carabidae","Philorhizus","sigma","(Rossi, 1790)","n","n","n"
"01-.0793.001-.","Carabidae","Paradromius","longiceps","(Dejean, 1826)","n","R","n"
"01-.080-.002-.","Carabidae","Syntomus","foveatus","(Geoffroy, 1785)","n","n","n"
"01-.080-.004-.","Carabidae","Syntomus","truncatellus","(Linnaeus, 1760)","n","n","n"
"01-.086-.003-.","Carabidae","Brachinus","explodens","(Duftschmid, 1812)","n","D","n"
"03-.003-.005-.","Haliplidae","Haliplus","ruficollis","(De Geer, 1774)","n","n","n"
"04-.008-.009-.","Dytiscidae","Hydroporus","palustris","(Linnaeus, 1761)","n","n","n"
"09-.0011.027-.","Helophoridae","Helophorus","granularis","(Linnaeus, 1760)","n","n","n"
"09-.003-.011-.","Hydrophilidae","Cercyon","lateralis","(Marsham, 1802)","n","n","n"
"10-.002-.003-.","Histeridae","Plegaderus","caesus","(Herbst, 1791)","j","n","n"
"10-.005-.001-.","Histeridae","Abraeus","granulum","Erichson, 1839","j","3","n"
"10-.005-.003-.","Histeridae","Abraeus","perpusillus","(Marsham, 1802)","j","n","n"
"10-.007-.002-.","Histeridae","Acritus","minutus","(Herbst, 1791)","j","n","n"
"10-.0071.001-.","Histeridae","Aeletes","atomarius","(Aube, 1842)","j","1","n"
"10-.009-.001-.","Histeridae","Gnathoncus","rotundatus","(Kugelann, 1792)","n","n","n"
"10-.016-.001-.","Histeridae","Dendrophilus","punctatus","(Herbst, 1791)","j","n","n"
"10-.018-.001-.","Histeridae","Carcinps","pumilio","(Erichson, 1834)","n","n","n"
"10-.020-.001-.","Histeridae","Paromalus","flavicornis","(Herbst, 1791)","j","n","n"
"10-.020-.002-.","Histeridae","Paromalus","parallelepipedus","(Herbst, 1791)","j","n","n"
"10-.029-.008-.","Histeridae","Margarintus","striola","(Sahlberg, 1819)","n","n","n"
"10-.032-.003-.","Histeridae","Hister","unicolor","Linnaeus, 1758","n","n","n"
"12-.001-.004-.","Silphidae","Nicrophorus","investigator","Zetterstedt, 1824","n","n","n"
"12-.001-.005-.","Silphidae","Nicrophorus","interruptus","Stephens, 1830","n","n","n"
"12-.001-.006-.","Silphidae","Nicrophorus","vespilloides","Herbst, 1783","n","n","n"
"12-.001-.008-.","Silphidae","Nicrophorus","vespillo","(Linnaeus, 1758)","n","n","n"
"12-.004-.001-.","Silphidae","Oiceoptoma","thoracicum","(Linnaeus, 1758)","n","n","n"
"12-.006-.001-.","Silphidae","Dendroxena","quadrimaculata","(Scopoli, 1771)","n","n","n"
"12-.009-.001-.","Silphidae","Phosphuga","atrata","(Linnaeus, 1758)","n","n","n"
"14-.010-.001-.","Leiodidae","Sciodrepoides","watsoni","(Spence, 1815)","n","n","n"
"16-.007-.001-.","Leiodidae","Anisotoma","humeralis","(Herbst, 1791)","j","n","n"
"16-.011-.007-.","Leiodidae","Agathidium","rotundatum","(Gyllenhal, 1827)","n","n","n"
"16-.011-.013-.","Leiodidae","Agathidium","nigripenne","(Fabricius, 1792)","j","n","n"
"16-.011-.016-.","Leiodidae","Agathidium","laevigatum","Erichson, 1845","n","n","n"
"16-.011-.018-.","Leiodidae","Agathidium","badium","Erichson, 1845","n","n","n"
"18-.005-.001-.","Staphylinidae","Neuraphes","elongatulus","(Muller & Kunze, 1822)","n","n","n"
"18-.006-.004-.","Staphylinidae","Scydmoraphes","minutus","(Chaudoir, 1845)","j","2","n"
"18-.007-.003-.","Staphylinidae","Stenichnus","scutellaris","(Muller & Kunze, 1822)","n","n","n"
"18-.007-.005-.","Staphylinidae","Stenichnus","godarti","(Latreille, 1806)","j","n","n"
"18-.007-.0081.","Staphylinidae","Stenichnus","collaris","(Muller & Kunze, 1822)","n","n","n"
"18-.009-.015-.","Staphylinidae","Euconnus","pragensis","(Machulka, 1923)","j","3","n"
"18-.010-.002-.","Staphylinidae","Scydmaenus","rufus","Muller & Kunze, 1822","n","n","n"
"21-.002-.003-.","Ptiliidae","Ptenidium","turgidum","(Thomson, 1855)","j","3","n"
"21-.012-.002-.","Ptiliidae","Ptinella","limbata","(Heer, 1841)","j","n","n"
"21-.012-.004-.","Ptiliidae","Ptinella","aptera","(Guerin-Meneville, 1839)","j","n","n"
"21-.019-.001-.","Ptiliidae","Acrotrichis","grandicollis","(Mannerheim, 1844)","n","n","n"
"23-.002-.001-.","Staphylinidae","Siagonium","quadricorne","(Kirby & Spence, 1815)","j","3","n"
"23-.0022.001-.","Staphylinidae","Scaphidium","quadrimaculatum","(Olivier, 1790)","j","n","n"
"23-.0023.001-.","Staphylinidae","Scaphisoma","agaricinum","(Linnaeus, 1758)","j","n","n"
"23-.010-.024-.","Staphylinidae","Eusphalerum","signatum","(Markel, 1857)","n","n","n"
"23-.010-.025-.","Staphylinidae","Eusphalerum","limbatum","(Erichson, 1840)","n","3","n"
"23-.017-.004-.","Staphylinidae","Xylodromus","testaceus","(Erichson, 1840)","n","3","n"
"23-.0481.003-.","Staphylinidae","Antylus","rugosus","(Fabricius, 1775)","n","n","n"
"23-.055-.011-.","Staphylinidae","Stenus","jun","(Paykull, 1789)","n","n","n"
"23-.055-.026-.","Staphylinidae","Stenus","bimaculatus","(Gyllenhal, 1810)","n","n","n"
"23-.080-.010-.","Staphylinidae","Xantholinus","linearis","(Olivier, 1795)","n","n","n"
"23-.080-.015-.","Staphylinidae","Xantholinus","longiventris","Heer, 1839","n","n","n"
"23-.104-.0001.","Staphylinidae","Quedius","dilatatus","(Fabricius, 1787)","j","n","n"
"23-.1091.002-.","Staphylinidae","Ischnsoma","longicorne","(Maklin, 1847)","n","n","n"
"23-.111-.006-.","Staphylinidae","Lordithon","trintatus","(Erichson, 1839)","n","n","n"
"23-.114-.007-.","Staphylinidae","Tachyporus","hypnrum","(Fabricius, 1775)","n","n","n"
"23-.1262.001-.","Staphylinidae","Cypha","longicornis","(Paykull, 1800)","n","n","n"
"24-.002-.002-.","Staphylinidae","Bibloporus","bicolor","(Denny, 1825)","j","n","n"
"24-.002-.003-.","Staphylinidae","Bibloporus","minutus","Raffray, 1914","j","n","n"
"24-.008-.002-.","Staphylinidae","Plectophloeus","fleischeri","Machulka, 1929","j","1","n"
"24-.008-.009-.","Staphylinidae","Plectophloeus","fischeri","(Aube, 1833)","j","n","n"
"24-.015-.001-.","Staphylinidae","Batrisodes","delaporti","(Aube, 1833)","j","n","n"
"24-.015-.005-.","Staphylinidae","Batrisodes","buqueti","(Aube, 1833)","j","2","2"
"24-.017-.001-.","Staphylinidae","Bythinus","macropalpus","Aube, 1833","n","n","n"
"24-.017-.002-.","Staphylinidae","Bythinus","burrellii","Denny, 1825","n","n","n"
"24-.020-.001-.","Staphylinidae","Tychus","niger","(Paykull, 1800)","n","n","n"
"24-.019-.001-.","Staphylinidae","Rybaxis","longicornis","(Leach, 1817)","n","n","n"
"26-.002-.001-.","Lampyridae","Lamprohiza","splendidula","(Linnaeus, 1767)","n","n","n"
"26-.003-.001-.","Lampyridae","Phosphaenus","hemipterus","(Geoffroy, 1777)","n","3","n"
"27-.002-.005-.","Cantharidae","Cantharis","fusca","(Linnaeus, 1758)","n","n","n"
"27-.002-.007-.","Cantharidae","Cantharis","rustica","(Fallen, 1807)","n","n","n"
"27-.002-.008-.","Cantharidae","Cantharis","pellucida","(Fabricius, 1792)","n","n","n"
"27-.002-.009-.","Cantharidae","Cantharis","flavilabris","(Fallen, 1807)","n","n","n"
"27-.002-.017-.","Cantharidae","Cantharis","lateralis","(Linnaeus, 1758)","n","n","n"
"27-.002-.018-.","Cantharidae","Cantharis","nigricans","(Muller, 1776)","n","n","n"
"27-.002-.025-.","Cantharidae","Cantharis","decipiens","(Baudi, 1872)","n","n","n"
"27-.002-.026-.","Cantharidae","Cantharis","livida","(Linnaeus, 1758)","n","n","n"
"27-.002-.027-.","Cantharidae","Cantharis","rufa","(Linnaeus, 1758)","n","n","n"
"27-.005-.002-.","Cantharidae","Rhagonycha","fulva","(Scopoli, 1763)","n","n","n"
"27-.005-.005-.","Cantharidae","Rhagonycha","testacea","(Linnaeus, 1758)","n","n","n"
"27-.005-.008-.","Cantharidae","Rhagonycha","lignsa","(Muller, 1764)","n","n","n"
"27-.008-.001-.","Cantharidae","Malthinus","flaveolus","(Herbst, 1786)","j","n","n"
"27-.008-.004-.","Cantharidae","Malthinus","balteatus","(Suffrian, 1851)","j","n","n"
"27-.008-.005-.","Cantharidae","Malthinus","facialis","(Thomson, 1864)","j","3","n"
"27-.008-.011-.","Cantharidae","Malthinus","moravicus","(Svihla, 1997","n","n","n"
"27-.009-.016-.","Cantharidae","Malthodes","marginatus","(Latreille, 1806)","j","n","n"
"27-.009-.021-.","Cantharidae","Malthodes","hexacanthus","Kiesenwetter, 1852","j","n","n"
"27-.009-.022-.","Cantharidae","Malthodes","pumilus","(Brebisson, 1835)","j","n","n"
"28-.001-.001-.","Drilidae","Drilus","concolor","Ahrens, 1812","n","n","n"
"29-.003-.001-.","Malachiidae","Hypebaeus","flavipes","(Fabricius, 1798)","j","3","n"
"29-.004-.001-.","Malachiidae","Charopus","flavipes","(Paykull, 1798)","n","n","n"
"29-.006-.0032.","Malachiidae","Malachius","bipustulatus","(Linnaeus, 1758)","j","n","n"
"29-.0063.006-.","Malachiidae","Clanptilus","elegans","(Olivier, 1790)","n","3","n"
"29-.0064.001-.","Malachiidae","Cordylepherus","viridis","(Fabricius, 1787)","n","n","n"
"29-.007-.001-.","Malachiidae","Anthocomus","rufus","(Herbst, 1784)","n","n","n"
"29-.007-.002-.","Malachiidae","Anthocomus","fasciatus","(Linnaeus, 1758)","n","n","n"
"29-.012-.009-.","Malachiidae","Ebaeus","flavicornis","Erichson, 1840","n","3","n"
"29-.014-.002-.","Malachiidae","Axintarsus","pulicarius","(Fabricius, 1777)","n","n","n"
"29-.014-.003-.","Malachiidae","Axintarsus","marginalis","(Laporte de Castelnau, 1840)","n","n","n"
"30-.002-.001-.","Dasytidae","Aplocnemus","impressus","(Marsham, 1802)","j","n","n"
"30-.005-.008-.","Dasytidae","Dasytes","plumbeus","(Muller, 1776)","j","n","n"
"30-.005-.009-.","Dasytidae","Dasytes","aeratus","Stephens, 1829","j","n","n"
"31-.002-.001-.","Cleridae","Tillus","elongatus","(Linnaeus, 1758)","j","3","n"
"31-.006-.001-.","Cleridae","Opilo","pallidus","(Olivier, 1795)","j","1","n"
"31-.006-.002-.","Cleridae","Opilo","mollis","(Linnaeus, 1758)","j","n","n"
"31-.007-.001-.","Cleridae","Thanasimus","formicarius","(Linnaeus, 1758)","j","n","n"
"31-.011-.001-.","Cleridae","Dermestoides","sanguinicollis","(Fabricius, 1787)","j","1","2"
"321.001-.001-.","Trogossitidae","Nemozoma","elongatum","(Linnaeus, 1761)","j","n","n"
"34-.001-.008-.","Elateridae","Ampedus","balteatus","(Linnaeus, 1758)","j","n","n"
"34-.001-.011-.","Elateridae","Ampedus","cardinalis","(Schiodte, 1865)","j","1","1"
"34-.001-.012-.","Elateridae","Ampedus","scrofa","(Germar, 1844)","j","n","n"
"34-.001-.013-.","Elateridae","Ampedus","brunnicornis","(Germar, 1844)","j","1","1"
"34-.001-.017-.","Elateridae","Ampedus","pomonae","(Stephens, 1830)","j","n","n"
"34-.001-.019-.","Elateridae","Ampedus","pomorum","(Herbst, 1784)","j","n","n"
"34-.001-.021-.","Elateridae","Ampedus","nigroflavus","(Goeze, 1777)","j","3","n"
"34-.001-.022-.","Elateridae","Ampedus","elongatulus","(Fabricius, 1787)","j","3","n"
"34-.0011.001-.","Elateridae","Brachygonus","megerlei","(Lacordaire, 1835)","j","2","n"
"34-.004-.001-.","Elateridae","Procraerus","tibialis","(Lacordaire, 1835)","j","2","n"
"34-.007-.001-.","Elateridae","Elater","ferrugineus","(Linnaeus, 1758)","j","2","2"
"34-.009-.001-.","Elateridae","Dalopius","marginatus","(Linnaeus, 1758)","n","n","n"
"34-.010-.002-.","Elateridae","Agriotes","pallidulus","(Illiger, 1807)","n","n","n"
"34-.010-.003-.","Elateridae","Agriotes","acuminatus","(Stephens, 1830)","n","n","n"
"34-.010-.009-.","Elateridae","Agriotes","lineatus","(Linnaeus, 1767)","n","n","n"
"34-.010-.011-.","Elateridae","Agriotes","obscurus","(Linnaeus, 1758)","n","n","n"
"34-.010-.014-.","Elateridae","Agriotes","sputator","(Linnaeus, 1758)","n","n","n"
"34-.0101.001-.","Elateridae","Ectinus","aterrimus","(Linnaeus, 1761)","n","n","n"
"34-.016-.002-.","Elateridae","Melantus","villosus","(Fourcroy, 1785)","j","n","n"
"34-.018-.004-.","Elateridae","Lacon","querceus","(Herbst, 1784)","j","1","1"
"34-.033-.004-.","Elateridae","Denticollis","linearis","(Linnaeus, 1758)","j","n","n"
"34-.034-.001-.","Elateridae","Cidnpus","pilosus","(Leske, 1785)","n","n","n"
"34-.038-.002-.","Elateridae","Stenagostus","rhombeus","(Olivier, 1790)","j","3","n"
"34-.039-.002-.","Elateridae","Hemicrepidius","hirtus","(Herbst, 1784)","n","n","n"
"34-.041-.001-.","Elateridae","Athous","haemorrhoidalis","(Fabricius, 1801)","n","n","n"
"34-.041-.002-.","Elateridae","Athous","vittatus","(Gmelin, 1790)","n","n","n"
"34-.041-.003-.","Elateridae","Athous","subfuscus","(Muller, 1764)","n","n","n"
"34-.041-.004-.","Elateridae","Athous","zebei","Bach, 1854","n","n","n"
"34-.041-.011-.","Elateridae","Athous","bicolor","(Goeze, 1777)","n","n","n"
"35-.001-.001-.","Cerophytidae","Cerophytum","elaterolides","(Latreille, 1804)","j","2","2"
"36-.001-.001-.","Eucnemidae","Melasis","buprestoides","(Linnaeus, 1761)","j","n","n"
"36-.003-.001-.","Eucnemidae","Eucnemis","capucina","Ahrens, 1812","j","3","n"
"36-.004-.001-.","Eucnemidae","Dromaeolus","barnabita","(Villa, 1837)","j","2","n"
"36-.0082.003-.","Eucnemidae","Microrhagus","pygmaeus","(Fabricius, 1792)","j","3","n"
"36-.011-.002-.","Eucnemidae","Hylis","cariniceps","(Reitter, 1902)","j","3","n"
"37-.001-.002-.","Throscidae","Trixagus","dermestoides","(Linnaeus, 1767)","n","n","n"
"37-.001-.003-.","Throscidae","Trixagus","carinifrons","(Bonvouloir, 1859)","n","n","n"
"37-.001-.0031.","Throscidae","Trixagus","gracilis","Wollaston, 1854","n","n","n"
"37-.001-.0033.","Throscidae","Trixagus","meybohmi","(Leseigneur, 2005)","n","n","n"
"37-.002-.001-.","Throscidae","Aulonthroscus","brevicollis","(Bonvouloir, 1859)","n","n","n"
"38-.015-.015-.","Buprestidae","Anthaxia","nitidula","(Linnaeus, 1758)","j","n","n"
"38-.016-.002-.","Buprestidae","Chrysobothris","affinis","(Fabricius, 1794)","j","n","n"
"38-.020-.004-.","Buprestidae","Agrilus","laticornis","(Illiger, 1803)","j","n","n"
"38-.020-.007-.","Buprestidae","Agrilus","sulcicollis","(Boisduval & Lacordaire, 1835)","j","n","n"
"38-.020-.014-.","Buprestidae","Agrilus","convexicollis","(Redtenbacher, 1849)","j","n","n"
"40-.003-.009-.","Scirtidae","Contacyphon","pubescens","(Fabricius, 1792)","n","n","n"
"40-.003-.011-.","Scirtidae","Contacyphon","padi","(Linnaeus, 1758)","n","n","n"
"40-.004-.001-.","Scirtidae","Prioncyphon","serricornis","(P. W. J. Muller, 1821)","j","3","n"
"45-.001-.006-.","Dermestidae","Dermestes","undulatus","(Brahm, 1790)","n","n","n"
"45-.002-.001-.","Dermestidae","Attagenus","schaefferi","(Herbst, 1792)","j","n","n"
"45-.002-.002-.","Dermestidae","Attagenus","unicolor","(Brahm, 1791)","n","n","n"
"45-.002-.004-.","Dermestidae","Attagenus","punctatus","(Scopoli, 1772)","j","2","n"
"45-.005-.001-.","Dermestidae","Globicornis","nigripes","(Fabricius, 1792)","j","3","n"
"45-.006-.001-.","Dermestidae","Megatoma","undata","(Linnaeus, 1758)","j","3","n"
"45-.007-.001-.","Dermestidae","Ctesias","serra","(Fabricius, 1792)","j","n","n"
"45-.008-.002-.","Dermestidae","Anthrenus","pimpinellae","(Fabricius, 1775)","n","n","n"
"45-.008-.005-.","Dermestidae","Anthrenus","scrophulariae","(Linnaeus, 1758)","n","n","n"
"45-.008-.014-.","Dermestidae","Anthrenus","fuscus","(Olivier, 1790)","n","n","n"
"45-.008-.015-.","Dermestidae","Anthrenus","polonicus","(Mroczkowski, 1951)","n","n","n"
"47-.011-.001-.","Byrrhidae","Byrrhus","fasciatus","(Forster, 1771)","n","n","n"
"49-.001-.001-.","Byturidae","Byturus","tomentosus","(De Geer, 1774)","n","n","n"
"491.003-.002-.","Bothrideridae","Oxylaemus","variolosus","(Dufour, 1843)","j","1","2"
"492.002-.002-.","Cerylonidae","Cerylon","histeroides","(Fabricius, 1792)","j","n","n"
"492.002-.003-.","Cerylonidae","Cerylon","ferrugineum","(Stephens, 1830)","j","n","n"
"492.002-.005-.","Cerylonidae","Cerylon","deplanatum","(Gyllenhal, 1827)","j","3","n"
"50-.008d.010-.","Nitidulidae","Brassicogethes","aeneus","(Fabricius, 1775)","n","n","n"
"50-.009-.001-.","Nitidulidae","Epuraea","melancephala","(Marsham, 1802)","n","n","n"
"50-.009-.005-.","Nitidulidae","Epuraea","neglecta","(Heer, 1841)","j","n","n"
"50-.009-.007-.","Nitidulidae","Epuraea","pallescens","(Stephens, 1835)","j","n","n"
"50-.009-.015-.","Nitidulidae","Epuraea","marseuli","(Reitter, 1872","j","n","n"
"50-.009-.027-.","Nitidulidae","Epuraea","unicolor","(Olivier, 1790)","n","n","n"
"50-.013-.002-.","Nitidulidae","Soronia","grisea","(Linnaeus, 1758)","n","n","n"
"50-.020-.001-.","Nitidulidae","Cryptarcha","strigata","(Fabricius, 1787)","j","n","n"
"50-.020-.002-.","Nitidulidae","Cryptarcha","undata","(Olivier, 1790)","j","n","n"
"50-.021-.001-.","Nitidulidae","Glischrochilus","quadriguttatus","(Fabricius, 1776)","j","n","n"
"50-.021-.002-.","Nitidulidae","Glischrochilus","hortensis","(Geoffroy in Fourcroy, 1785)","n","n","n"
"50-.021-.003-.","Nitidulidae","Glischrochilus","quadripunctatus","(Linnaeus, 1758)","j","n","n"
"52-.001-.006-.","Montomidae","Rhizophagus","perforatus","(Erichson, 1845)","j","n","n"
"52-.001-.008-.","Montomidae","Rhizophagus","dispar","(Paykull, 1800)","j","n","n"
"52-.001-.009-.","Montomidae","Rhizophagus","bipustulatus","(Fabricius, 1792)","j","n","n"
"52-.001-.012-.","Montomidae","Rhizophagus","fenestralis","(Linnaeus, 1758)","j","n","n"
"53-.015-.001-.","Cucujidae","Pediacus","depressus","(Herbst, 1797)","j","n","n"
"531.004-.001-.","Silvanidae","Ahasverus","advena","(Waltl, 1834)","n","n","n"
"531.006-.001-.","Silvanidae","Silvanus","bidentatus","(Fabricius, 1792)","j","n","n"
"531.006-.002-.","Silvanidae","Silvanus","unidentatus","(Olivier, 1790)","j","n","n"
"531.011-.001-.","Silvanidae","Uleiota","planatus","(Linnaeus, 1761)","j","n","n"
"54-.001-.001-.","Erotylidae","Tritoma","bipustulata","Fabricius, 1775","j","n","n"
"54-.002-.008-.","Erotylidae","Triplax","lepida","(Faldermann, 1837)","j","2","n"
"54-.003-.003-.","Erotylidae","Dacne","rufifrons","(Fabricius, 1775)","j","2","n"
"54-.003-.004-.","Erotylidae","Dacne","bipustulata","(Thunberg, 1781)","j","n","n"
"541.002-.001-.","Biphyllidae","Diplocoelus","fagi","(Guerin-Meneville, 1838)","j","n","n"
"551.005-.002-.","Erotylidae","Cryptophilus","obliteratus","(Reitter, 1874)","n","n","n"
"55-.008-.019-.","Cryptophagidae","Cryptophagus","pubescens","(Sturm, 1845)","n","n","n"
"55-.008-.020-.","Cryptophagidae","Cryptophagus","micaceus","(Rey, 1889)","j","2","n"
"55-.008-.023-.","Cryptophagidae","Cryptophagus","labilis","(Erichson, 1846)","j","2","n"
"55-.008-.027-.","Cryptophagidae","Cryptophagus","dentatus","(Herbst, 1793)","n","n","n"
"55-.008-.027-.","Cryptophagidae","Cryptophagus","quadridentatus","(Mannerheim, 1843)","n","n","n"
"55-.008-.028-.","Cryptophagidae","Cryptophagus","denticulatus","(Heer, 1841)","n","n","n"
"55-.008-.042-.","Cryptophagidae","Cryptophagus","punctipennis","(Brisout de Barneville, 1863)","n","n","n"
"55-.011-.001-.","Cryptophagidae","Antherophagus","pallens","(Linnaeus, 1758","n","n","n"
"55-.014-.014-.","Cryptophagidae","Atomaria","fuscata","(Schonherr, 1808)","n","n","n"
"55-.014-.016-.","Cryptophagidae","Atomaria","lewisi","(Reitter, 1877","n","n","n"
"55-.014-.021-.","Cryptophagidae","Atomaria","basalis","(Erichson, 1846","n","n","n"
"55-.014-.025-.","Cryptophagidae","Atomaria","atricapilla","(Stephens, 1830","n","n","n"
"55-.014-.028-.","Cryptophagidae","Atomaria","analis","(Erichson, 1846","n","n","n"
"55-.014-.036-.","Cryptophagidae","Atomaria","testacea","(Stephens, 1830","n","n","n"
"55-.014-.044-.","Cryptophagidae","Atomaria","puncticollis","(Thomson, 1868","n","n","n"
"55-.014-.046-.","Cryptophagidae","Atomaria","linearis","(Stephens, 1830","n","n","n"
"56-.002-.001-.","Phalacridae","Olibrus","aeneus","(Fabricius, 1792)","n","n","n"
"56-.002-.003-.","Phalacridae","Olibrus","millefolii","(Paykull, 1800)","n","n","n"
"56-.002-.004-.","Phalacridae","Olibrus","corticalis","(Panzer, 1797)","n","n","n"
"561.002-.001-.","Laemophloeidae","Placontus","testaceus","(Fabricius, 1787)","j","n","n"
"561.004-.001-.","Laemophloeidae","Cryptolestes","duplicatus","(Waltl, 1839)","j","n","n"
"561.005-.003-.","Laemophloeidae","Leptophloeus","alternans","(Erichson, 1846)","j","n","n"
"58-.003-.0081.","Latridiidae","Latridius","hirtus","(Gyllenhal, 1827)","j","3","n"
"58-.004-.009-.","Latridiidae","Enicmus","brevicornis","(Mannerheim, 1844)","j","3","n"
"58-.004-.010-.","Latridiidae","Enicmus","fungicola","(Thomson, 1868","j","n","n"
"58-.004-.012-.","Latridiidae","Enicmus","rugosus","(Herbst, 1793)","n","n","n"
"58-.004-.013-.","Latridiidae","Enicmus","testaceus","(Stephens, 1830)","j","2","n"
"58-.004-.014-.","Latridiidae","Enicmus","transversus","(Olivier, 1790)","j","n","n"
"58-.004-.015-.","Latridiidae","Enicmus","histrio","(Joy & Tomlin, 1910","n","n","n"
"58-.004-.016-.","Latridiidae","Enicmus","atriceps","(Hansen, 1962","j","2","n"
"58-.005-.0031.","Latridiidae","Cartodere","ndifer","(Westwood, 1839)","n","n","n"
"58-.0061.001-.","Latridiidae","Stephostethus","lardarius","(De Geer, 1775)","n","n","n"
"58-.0061.002-.","Latridiidae","Stephostethus","angusticollis","(Gyllenhal, 1827)","n","n","n"
"58-.0061.006-.","Latridiidae","Stephostethus","alternans","(Mannerheim, 1844)","j","n","n"
"58-.007-.008-.","Latridiidae","Corticaria","impressa","(Olivier, 1790)","n","n","n"
"58-.007-.011-.","Latridiidae","Corticaria","serrata","(Paykull, 1798)","n","n","n"
"58-.007-.0172.","Latridiidae","Corticaria","alleni","(Johnson, 1974)","j","2","n"
"58-.008-.005-.","Latridiidae","Corticarina","minuta","(Fabricius, 1792)","n","n","n"
"58-.0081.001-.","Latridiidae","Cortinicara","gibbosa","(Herbst, 1793)","n","n","n"
"59-.003-.001-.","Mycetophagidae","Litargus","connexus","(Geoffrey, 1785)","j","n","n"
"59-.004-.001-.","Mycetophagidae","Mycetophagus","quadripustulatus","(Linnaeus, 1760)","j","n","n"
"59-.004-.003-.","Mycetophagidae","Mycetophagus","piceus","(Fabricius, 1777)","j","3","n"
"59-.004-.004-.","Mycetophagidae","Mycetophagus","salicis","(Brisout de Barneville, 1862)","j","2","n"
"59-.004-.006-.","Mycetophagidae","Mycetophagus","atomarius","(Fabricius, 1787)","j","n","n"
"59-.004-.009-.","Mycetophagidae","Mycetophagus","fulvicollis","(Fabricius, 17923)","j","2","n"
"59-.004-.010-.","Mycetophagidae","Mycetophagus","populi","(Fabricius, 1798)","j","2","n"
"59-.006-.001-.","Mycetophagidae","Berginus","tamarisci","(Wollaston, 1854)","n","n","n"
"60-.003-.001-.","Zopheridae","Pycnmerus","terebrans","(Olivier, 1790)","j","1","2"
"60-.013-.001-.","Zopheridae","Synchita","humeralis","(Fabricius, 1792)","j","n","n"
"60-.013-.005-.","Zopheridae","Synchita","undata","(Guerin-Meneville, 1844","j","n","n"
"60-.016-.001-.","Zopheridae","Bitoma","crenata","(Fabricius, 1775)","j","n","n"
"60-.018-.001-.","Zopheridae","Colydium","elongatum","(Fabricius, 1787)","j","3","n"
"60-.018-.002-.","Zopheridae","Colydium","filiforme","(Fabricius, 1792)","j","2","2"
"601.001-.001-.","Corylophidae","Clypastraea","pusilla","(Gyllenhal, 1810)","j","n","n"
"601.004-.001-.","Corylophidae","Sericoderus","lateralis","(Gyllenhal, 1827)","n","n","n"
"601.008-.003-.","Corylophidae","Orthoperus","atomus","(Gyllenhal, 1808)","j","n","n"
"601.008-.004-.","Corylophidae","Orthoperus","corticalis","(Redtenbacher, 1849)","j","n","n"
"61-.003-.002-.","Endomychidae","Symbiotes","gibberosus","(Lucas, 1846)","j","2","n"
"62-.005-.002-.","Coccinellidae","Coccidula","rufa","(Herbst, 1783)","n","n","n"
"62-.006-.002-.","Coccinellidae","Rhyzobius","chrysomeloides","(Herbst, 1792)","n","n","n"
"62-.008-.003-.","Coccinellidae","Scymnus","frontalis","(Fabricius, 1787)","n","n","n"
"62-.008-.008-.","Coccinellidae","Scymnus","nigrinus","(Kugelann, 1794","n","n","n"
"62-.008-.010-.","Coccinellidae","Scymnus","haemorrhoidalis","(Herbst, 1797","n","n","n"
"62-.008-.011-.","Coccinellidae","Scymnus","ferrugatus","(Moll, 1785)","n","n","n"
"62-.008-.014-.","Coccinellidae","Scymnus","limbatus","(Stephens, 1831","n","3","n"
"62-.008-.015-.","Coccinellidae","Scymnus","suturalis","(Thunberg, 1795","n","n","n"
"62-.0081.001-.","Coccinellidae","Nephus","redtenbacheri","(Mulsant, 1846)","n","n","n"
"62-.0081.003-.","Coccinellidae","Nephus","quadrimaculatus","(Herbst, 1783)","n","3","n"
"62-.0081.004-.","Coccinellidae","Nephus","bipunctatus","(Kugelann, 1794)","n","3","n"
"62-.010-.001-.","Coccinellidae","Clitostethus","arcuatus","(Rossi, 1794)","n","2","n"
"62-.013-.001-.","Coccinellidae","Exochomus","quadripustulatus","(Linnaeus, 1758","n","n","n"
"62-.017-.001-.","Coccinellidae","Aphidecta","obliterata","(Linnaeus, 1758)","n","n","n"
"62-.018-.003-.","Coccinellidae","Hippodamia","variegata","(Goeze, 1777","n","n","n"
"62-.019-.001-.","Coccinellidae","Anisosticta","nvemdecimpunctata","(Linnaeus, 1758)","n","n","n"
"62-.022-.001-.","Coccinellidae","Tytthaspis","sedecimpunctata","(Linnaeus, 1758)","n","n","n"
"62-.023-.002-.","Coccinellidae","Adalia","decempunctata","(Linnaeus, 1758)","n","n","n"
"62-.025-.003-.","Coccinellidae","Coccinella","septempunctata","(Linnaeus, 1758","n","n","n"
"62-.026-.001-.","Coccinellidae","Coccinula","quatuordecimpustulata","(Linnaeus, 1758)","n","n","n"
"62-.027-.002-.","Coccinellidae","Oenpia","conglobata","(Linnaeus, 1758)","n","n","n"
"62-.028-.002-.","Coccinellidae","Harmonia","axyridis","(Pallas, 1773","n","n","n"
"62-.031-.001-.","Coccinellidae","Calvia","decemguttata","(Linnaeus, 1758)","n","n","n"
"62-.031-.002-.","Coccinellidae","Calvia","quatuordecimguttata","(Linnaeus, 1758","n","n","n"
"62-.032-.001-.","Coccinellidae","Propylea","quatuordecimpunctata","(Linnaeus, 1758)","n","n","n"
"62-.034-.001-.","Coccinellidae","Anatis","ocellata","(Linnaeus, 1758)","n","n","n"
"62-.035-.001-.","Coccinellidae","Halyzia","sedecimguttata","(Linnaeus, 1758)","n","3","n"
"62-.036-.001-.","Coccinellidae","Vibidia","duodecimguttata","(Poda, 1761)","n","3","n"
"62-.037-.001-.","Coccinellidae","Psyllobora","vigintiduopunctata","(Linnaeus, 1758)","n","n","n"
"63-.001-.001-.","Sphindidae","Sphindus","dubius","(Gyllenhal, 1808)","j","n","n"
"65-.005-.001-.","Ciidae","Sulcacis","nitidus","(Fabricius, 1792)","j","n","n"
"65-.005-.003-.","Ciidae","Sulcacis","fronticornis","(Panzer, 1809)","j","n","n"
"65-.006-.002-.","Ciidae","Cis","castaneus","(Herbst, 1793)","j","n","n"
"65-.006-.007-.","Ciidae","Cis","micans","(Fabricius, 1792)","j","n","n"
"65-.006-.011-.","Ciidae","Cis","boleti","(Scopoli, 1763)","j","n","n"
"65-.006-.0111.","Ciidae","Cis","rugulosus","Mellie, 1848","j","n","n"
"65-.006-.027-.","Ciidae","Cis","vestitus","(Mellie, 1848)","j","n","n"
"65-.0061.001-.","Ciidae","Orthocis","alni","(Gyllenhal, 1813)","j","n","n"
"68-.0011.001-.","Ptinidae","Ptinmorphus","imperialis","(Linnaeus, 1767)","j","n","n"
"68-.005-.002-.","Ptinidae","Xestobium","rufovillosum","(De Geer, 1774)","j","n","n"
"68-.0051.001-.","Ptinidae","Hyperisus","plumbeum","(Illiger, 1801)","j","n","n"
"68-.008-.002-.","Ptinidae","Oligomerus","brunneus","(Olivier, 1790)","j","3","n"
"68-.009-.001-.","Ptinidae","Stegobium","paniceum","(Linnaeus, 1758)","n","n","n"
"68-.010-.002-.","Ptinidae","Gastrallus","laevigatus","(Olivier, 1790)","j","2","n"
"68-.012-.001-.","Ptinidae","Anobium","punctatum","(De Geer, 1774)","j","n","n"
"68-.0122.001-.","Ptinidae","Hemicoelus","canaliculatus","(Thomson, 1863)","j","n","n"
"68-.0122.003-.","Ptinidae","Hemicoelus","fulvicornis","(Sturm, 1837)","j","n","n"
"68-.014-.001-.","Ptinidae","Ptilinus","pectinicornis","(Linnaeus, 1758)","j","n","n"
"68-.022-.001-.","Ptinidae","Dorcatoma","flavicornis","(Fabricius, 1792)","j","3","n"
"68-.022-.003-.","Ptinidae","Dorcatoma","chrysomelina","(Sturm, 1837","j","3","n"
"68-.022-.007-.","Ptinidae","Dorcatoma","robusta","(Strand, 1938","j","2","n"
"68-.024-.001-.","Ptinidae","Anitys","rubens","(Hoffmann, 1803)","j","2","2"
"69-.008-.005-.","Ptinidae","Ptinus","fur","(Linnaeus, 1758)","n","n","n"
"69-.008-.017-.","Ptinidae","Ptinus","sexpunctatus","(Panzer, 1789","j","3","n"
"70-.004-.0021.","Oedemeridae","Nacerdes","carniolica","(Gistl, 1834)","j","n","n"
"70-.006-.001-.","Oedemeridae","Chrysanthia","viridissima","(Linnaeus, 1758)","j","n","n"
"70-.007-.001-.","Oedemeridae","Ischnmera","sanguinicollis","(Fabricius, 1787)","j","3","n"
"70-.007-.002-.","Oedemeridae","Ischnmera","caerulea","(Linnaeus, 1758)","j","3","n"
"70-.007-.0021.","Oedemeridae","Ischnmera","cyanea","(Fabricius, 1792)","j","n","n"
"711.001-.001-.","Salpingidae","Lissodema","cursor","(Gyllenhal, 1813)","j","n","n"
"711.005-.001-.","Salpingidae","Vincenzellus","ruficollis","(Panzer, 1794)","j","n","n"
"711.006-.002-.","Salpingidae","Salpingus","planirostris","(Fabricius, 1787)","j","n","n"
"711.006-.003-.","Salpingidae","Salpingus","ruficollis","(Linnaeus, 1761)","j","n","n"
"72-.001-.001-.","Pyrochroidae","Pyrochroa","coccinea","(Linnaeus, 1760)","j","n","n"
"72-.001-.002-.","Pyrochroidae","Pyrochroa","serraticornis","(Scopoli, 1763)","j","n","n"
"72-.002-.001-.","Pyrochroidae","Schizotus","pectinicornis","(Linnaeus, 1758)","j","n","n"
"73-.001-.003-.","Scraptiidae","Scraptia","fuscula","(Muller, 1821)","j","3","n"
"73-.003-.001-.","Scraptiidae","Cyrtanaspis","phalerata","(Germar, 1831)","j","2","n"
"73-.004-.009-.","Scraptiidae","Anaspis","frontalis","(Linnaeus, 1758)","j","n","n"
"73-.004-.010-.","Scraptiidae","Anaspis","maculata","(Geoffroy, 1785)","j","n","n"
"73-.004-.012-.","Scraptiidae","Anaspis","thoracica","(Linnaeus, 1758)","j","n","n"
"73-.004-.013-.","Scraptiidae","Anaspis","ruficollis","(Fabricius, 1792)","j","2","n"
"73-.004-.015-.","Scraptiidae","Anaspis","regimbarti","(Schilsky, 1895)","j","n","n"
"73-.004-.021-.","Scraptiidae","Anaspis","costai","(Emery, 1876)","j","3","n"
"73-.004-.022-.","Scraptiidae","Anaspis","flava","(Linnaeus, 1758)","j","n","n"
"73-.004-.026-.","Scraptiidae","Anaspis","varians","(Mulsant, 1856","j","n","n"
"74-.003-.002-.","Aderidae","Euglenes","oculatus","(Paykull, 1798)","j","2","n"
"77-.001-.001-.","Ripiphoridae","Pelecotoma","fennica","(Paykull, 1799)","j","1","n"
"77-.003-.001-.","Ripiphoridae","Metoecus","paradoxus","(Linnaeus, 1760)","n","3","n"
"79-.001-.001-.","Mordellidae","Tomoxia","bucephala","(Costa, 1854)","j","n","n"
"79-.011-.052-.","Mordellidae","Mordellistena","neuwaldeggiana","(Panzer, 1796)","j","n","n"
"79-.011-.053-.","Mordellidae","Mordellistena","variegata","(Fabricius, 1798)","j","n","n"
"79-.011-.054-.","Mordellidae","Mordellistena","humeralis","(Linnaeus, 1758)","j","n","n"
"79-.012-.001-.","Mordellidae","Mordellochroa","abdominalis","(Fabricius, 1775)","j","n","n"
"80-.005-.002-.","Melandryidae","Orchesia","micans","(Panzer, 1794)","j","n","n"
"80-.005-.003-.","Melandryidae","Orchesia","luteipalpis","(Mulsant, 1857","j","2","n"
"80-.005-.005-.","Melandryidae","Orchesia","fasciata","(Illiger, 1798)","j","3","n"
"80-.005-.006-.","Melandryidae","Orchesia","undulata","(Kraatz, 1853","j","n","n"
"80-.006-.001-.","Melandryidae","Anisoxya","fuscula","(Illiger, 1798)","j","3","n"
"80-.016-.001-.","Melandryidae","Melandrya","caraboides","(Linnaeus, 1760)","j","3","n"
"80-.018-.001-.","Melandryidae","Conpalpus","testaceus","(Olivier, 1790)","j","n","n"
"801.003-.001-.","Tetratomidae","Eustrophus","dermestoides","(Fabricius, 1792)","j","3","n"
"81-.001-.001-.","Tenebrionidae","Lagria","hirta","(Linnaeus, 1758)","n","n","n"
"81-.001-.002-.","Tenebrionidae","Lagria","atripes","(Mulsant & Guillebeau, 1855)","n","n","n"
"82-.001-.002-.","Tenebrionidae","Allecula","morio","(Fabricius, 1787)","j","3","n"
"82-.003-.001-.","Tenebrionidae","Prionychus","ater","(Fabricius, 1775)","j","3","n"
"82-.008-.002-.","Tenebrionidae","Mycetochara","axillaris","(Paykull, 1799)","j","2","n"
"82-.008-.011-.","Tenebrionidae","Mycetochara","maura","(Fabricius, 1792)","j","n","n"
"83-.014-.001-.","Tenebrionidae","Bolitophagus","reticulatus","(Linnaeus, 1767)","j","3","n"
"83-.017-.001-.","Tenebrionidae","Diaperis","boleti","(Linnaeus, 1758)","j","n","n"
"83-.020-.001-.","Tenebrionidae","Platydema","violacea","(Fabricius, 1790)","j","3","n"
"83-.023-.001-.","Tenebrionidae","Corticeus","unicolor","(Piller & Mitterpacher, 1783)","j","n","n"
"83-.023-.0071.","Tenebrionidae","Corticeus","bicoloroides","(Roubal, 1933)","j","1","2"
"83-.023-.008-.","Tenebrionidae","Corticeus","fasciatus","(Fabricius, 1790)","j","2","2"
"83-.024-.001-.","Tenebrionidae","Palorus","subdepressus","(Wollaston, 1864)","n","n","n"
"83-.024-.002-.","Tenebrionidae","Palorus","depressus","(Fabricius, 1790)","n","3","n"
"83-.029-.001-.","Tenebrionidae","Latheticus","oryzae","(Waterhouse, 1880","n","3","n"
"83-.030-.001-.","Tenebrionidae","Uloma","culinaris","(Linnaeus, 1758)","j","2","n"
"841.001-.003-.","Trogidae","Trox","hispidus","(Pontoppidan, 1763","n","n","n"
"841.001-.004-.","Trogidae","Trox","scaber","(Linnaeus, 1767)","n","n","n"
"842.004-.004-.","Geotrupidae","Geotrupes","stercorarius","(Linnaeus, 1758)","n","n","n"
"842.005-.001-.","Geotrupidae","Anplotrupes","stercorosus","(Scriba, 1791)","n","n","n"
"85-.014-.019-.","Scarabaeidae","Onthophagus","coenbita","(Herbst, 1783)","n","n","n"
"85-.018n.001-.","Scarabaeidae","Calamosternus","granarius","(Linnaeus, 1767)","n","n","n"
"85-.0192.002-.","Scarabaeidae","Melinpterus","prodromus","(Brahm, 1790)","n","n","n"
"85-.019l.001-.","Scarabaeidae","Teuchestes","fossor","(Linnaeus, 1758)","n","n","n"
"85-.019n.001-.","Scarabaeidae","Volinus","sticticus","(Panzer, 1798)","n","n","n"
"85-.025-.001-.","Scarabaeidae","Serica","brunnea","(Linnaeus, 1758)","n","n","n"
"85-.043-.001-.","Scarabaeidae","Tropinta","hirta","(Poda, 1761)","n","3","n"
"85-.047-.003-.","Scarabaeidae","Protaetia","aeruginosa","(Linnaeus, 1767)","j","1","n"
"85-.047-.0061-.","Scarabaeidae","Protaetia","cuprea","(Fabricius, 1775)","n","n","n"
"85-.047-.008-.","Scarabaeidae","Protaetia","lugubris","(Herbst, 1786)","j","2","n"
"85-.048-.001-.","Scarabaeidae","Valgus","hemipterus","(Linnaeus, 1758)","j","n","n"
"86-.002-.001-.","Lucanidae","Dorcus","parallelipipedus","(Linnaeus, 1758)","j","n","n"
"86-.003-.002-.","Lucanidae","Platycerus","caraboides","(Linnaeus, 1758)","j","n","n"
"87-.004-.001-.","Cerambycidae","Prionus","coriarius","(Linnaeus, 1758)","j","n","n"
"87-.011-.001-.","Cerambycidae","Rhagium","bifasciatum","Fabricius, 1775","j","n","n"
"87-.011-.002-.","Cerambycidae","Rhagium","sycophanta","(Schrank, 1781)","j","n","n"
"87-.011-.003-.","Cerambycidae","Rhagium","mordax","(De Geer, 1775)","j","n","n"
"87-.015-.001-.","Cerambycidae","Stencorus","meridianus","(Linnaeus, 1758)","j","n","n"
"87-.023-.001-.","Cerambycidae","Grammoptera","ustulata","(Schaller, 1783)","j","n","n"
"87-.023-.002-.","Cerambycidae","Grammoptera","ruficornis","(Fabricius, 1781)","j","n","n"
"87-.024-.001-.","Cerambycidae","Alosterna","tabacicolor","(De Geer, 1775)","j","n","n"
"87-.027-.0031.","Cerambycidae","Leptura","quadrifasciata","(Linnaeus, 1758","j","n","n"
"87-.0271.001-.","Cerambycidae","Anplodera","rufipes","(Schaller, 1783)","j","3","n"
"87-.0291.001-.","Cerambycidae","Pedostrangalia","revestita","(Linnaeus, 1767)","j","2","n"
"87-.055-.001-.","Cerambycidae","Phymatodes","testaceus","(Linnaeus, 1758)","j","n","n"
"87-.0551.006-.","Cerambycidae","Poecilium","alni","(Linnaeus, 1767)","j","n","n"
"87-.058-.003-.","Cerambycidae","Clytus","arietis","(Linnaeus, 1758)","j","n","n"
"87-.060-.001-.","Cerambycidae","Plagiontus","detritus","(Linnaeus, 1758)","j","2","n"
"87-.063-.001-.","Cerambycidae","Anaglyptus","mysticus","(Linnaeus, 1758)","j","n","n"
"87-.071-.002-.","Cerambycidae","Mesosa","nebulosa","(Fabricius, 1781)","j","3","n"
"87-.078-.0011.","Cerambycidae","Leiopus","linnei","(Wallin, Nylander & Kvamme, 2009)","j","n","n"
"87-.079-.003-.","Cerambycidae","Acanthocinus","griseus","(Fabricius, 1792)","j","3","n"
"87-.080-.001-.","Cerambycidae","Exocentrus","adspersus","(Mulsant, 1846)","j","3","n"
"87-.080-.002-.","Cerambycidae","Exocentrus","lusitanus","(Linnaeus, 1767)","j","3","n"
"87-.080-.004-.","Cerambycidae","Exocentrus","punctipennis","(Mulsant & Guillebeau, 1856)","j","2","n"
"87-.081-.0071.","Cerambycidae","Agapanthia","intermedia","(Ganglbauer, 1884)","n","n","n"
"87-.082-.004-.","Cerambycidae","Saperda","scalaris","(Linnaeus, 1758)","j","n","n"
"87-.082-.006-.","Cerambycidae","Saperda","punctata","(Linnaeus, 1767)","j","1","2"
"87-.085-.001-.","Cerambycidae","Stenstola","dubia","(Laicharting, 1784)","j","n","n"
"87-.087-.001-.","Cerambycidae","Tetrops","praeustus","(Linnaeus, 1758)","j","n","n"
"88-.0061.003-.","Chrysomelidae","Oulema","obscura","(Stephens, 1831)","n","n","n"
"88-.0061.005-.","Chrysomelidae","Oulema","melanpus","(Linnaeus, 1758)","n","n","n"
"88-.0061.006-.","Chrysomelidae","Oulema","duftschmidi","(Redtenbacher, 1874)","n","n","n"
"88-.017-.071-.","Chrysomelidae","Cryptocephalus","pusillus","(Fabricius, 1777","n","n","n"
"88-.022-.001-.","Chrysomelidae","Leptintarsa","decemlineata","(Say, 1824)","n","n","n"
"88-.049-.002-.","Chrysomelidae","Phyllotreta","vittula","(Redtenbacher, 1849)","n","n","n"
"88-.049-.021-.","Chrysomelidae","Phyllotreta","nigripes","(Fabricius, 1775)","n","n","n"
"88-.050-.006-.","Chrysomelidae","Aphthona","pallida","(Bach, 1856)","n","3","n"
"88-.050-.007-.","Chrysomelidae","Aphthona","lutescens","(Gyllenhal, 1808)","n","n","n"
"88-.050-.011-.","Chrysomelidae","Aphthona","violacea","(Koch, 1803)","n","n","n"
"88-.050-.013-.","Chrysomelidae","Aphthona","atrocaerulea","(Stephens, 1831)","n","n","n"
"88-.050-.015-.","Chrysomelidae","Aphthona","euphorbiae","(Schrank, 1781)","n","n","n"
"88-.051-.001-.","Chrysomelidae","Longitarsus","pellucidus","(Foudras, 1860)","n","n","n"
"88-.051-.002-.","Chrysomelidae","Longitarsus","ochroleucus","(Marsham, 1802)","n","3","n"
"88-.051-.014-.","Chrysomelidae","Longitarsus","ferrugineus","(Foudras, 1860)","n","n","n"
"88-.051-.024-.","Chrysomelidae","Longitarsus","pratensis","(Panzer, 1794)","n","n","n"
"88-.051-.033-.","Chrysomelidae","Longitarsus","nasturtii","(Fabricius, 1792)","n","n","n"
"88-.051-.040-.","Chrysomelidae","Longitarsus","fulgens","(Foudras, 1860)","n","2","n"
"88-.051-.054-.","Chrysomelidae","Longitarsus","anchusae","(Paykull, 1799)","n","n","n"
"88-.051-.058-.","Chrysomelidae","Longitarsus","salviae","(Gruev, 1975","n","n","n"
"88-.052-.005-.","Chrysomelidae","Altica","quercetorum","(Foudras, 1860","n","3","n"
"88-.052-.007-.","Chrysomelidae","Altica","oleracea","(Linnaeus, 1758)","n","n","n"
"88-.061-.001-.","Chrysomelidae","Crepidodera","aurea","(Geoffroy, 1785)","n","n","n"
"88-.066-.003-.","Chrysomelidae","Chaetocnema","concinna","(Marsham, 1802)","n","n","n"
"88-.066-.004-.","Chrysomelidae","Chaetocnema","picipes","(Stephens, 1831","n","n","n"
"88-.066-.017-.","Chrysomelidae","Chaetocnema","hortensis","(Geoffroy, 1785)","n","n","n"
"88-.072-.007-.","Chrysomelidae","Psylliodes","chrysocephala","(Linnaeus, 1758)","n","n","n"
"88-.072-.010-.","Chrysomelidae","Psylliodes","napi","(Fabricius, 1792)","n","n","n"
"88-.072-.015-.","Chrysomelidae","Psylliodes","cuprea","(Koch, 1803)","n","n","n"
"88-.076-.005-.","Chrysomelidae","Cassida","nebulosa","(Linnaeus, 1758","n","n","n"
"881.004-.001-.","Orsodacnidae","Orsodacne","cerasi","(Linnaeus, 1758)","n","n","n"
"89-.003-.005-.","Chrysomelidae","Bruchus","rufimanus","(Bohemann, 1833)","n","n","n"
"89-.003-.011-.","Chrysomelidae","Bruchus","brachialis","(Fahraeus, 1839)","n","n","n"
"89-.003-.014-.","Chrysomelidae","Bruchus","luteicornis","(Illiger, 1794)","n","n","n"
"89-.004-.010-.","Chrysomelidae","Bruchidius","varius","(Olivier, 1795)","n","n","n"
"89-.004-.014-.","Chrysomelidae","Bruchidius","villosus","(Fabricius, 1792)","n","n","n"
"90-.003-.001-.","Anthribidae","Tropideres","albirostris","(Schaller, 1783)","j","n","n"
"90-.007-.001-.","Anthribidae","Rhaphitropis","marchica","(Herbst, 1797)","j","n","n"
"90-.010-.001-.","Anthribidae","Platystomos","albinus","(Linnaeus, 1758)","j","n","n"
"90-.012-.003-.","Anthribidae","Anthribus","nebulosus","(Forster, 1770)","n","n","n"
"91-.001-.001-.","Curculionidae","Scolytus","rugulosus","(P. Muller, 1818)","j","n","n"
"91-.001-.003-.","Curculionidae","Scolytus","intricatus","(Ratzeburg, 1837)","j","n","n"
"91-.001-.005-.","Curculionidae","Scolytus","carpini","(Ratzeburg, 1837)","j","n","n"
"91-.001-.014-.","Curculionidae","Scolytus","multistriatus","(Marsham, 1802)","j","n","n"
"91-.004-.005-.","Curculionidae","Hylastes","attenuatus","(Erichson, 1836)","j","n","n"
"91-.010-.001-.","Curculionidae","Polygraphus","grandiclava","(Thomson, 1886)","j","n","n"
"91-.011-.001-.","Curculionidae","Hylesinus","crenatus","(Fabricius, 1787)","j","n","n"
"91-.011-.002-.","Curculionidae","Hylesinus","toranio","(Danthoine, 1788)","j","n","n"
"91-.011-.003-.","Curculionidae","Hylesinus","varius","(Fabricius, 1775)","j","n","n"
"91-.027-.001-.","Curculionidae","Ernporicus","fagi","(Fabricius, 1798)","j","n","n"
"91-.028-.001-.","Curculionidae","Ernporus","tiliae","(Panzer, 1793)","j","n","n"
"91-.032-.001-.","Curculionidae","Pityogenes","chalcographus","(Linnaeus, 1761)","j","n","n"
"91-.035-.002-.","Curculionidae","Ips","acuminatus","(Gyllenhal, 1827)","j","n","n"
"91-.036-.005-.","Curculionidae","Xyleborus","mongraphus","(Fabricius, 1792)","j","n","n"
"91-.0362.001-.","Curculionidae","Anisandrus","dispar","(Fabricius, 1792)","j","n","n"
"91-.0363.001-.","Curculionidae","Xyleborinus","saxesenii","(Ratzeburg, 1837)","j","n","n"
"91-.037-.002-.","Curculionidae","Xylosandrus","germanus","(Blandford, 1894)","j","n","n"
"91-.038-.001-.","Curculionidae","Trypodendron","domesticum","(Linnaeus, 1758)","j","n","n"
"91-.038-.002-.","Curculionidae","Trypodendron","signatum","(Fabricius, 1787)","j","n","n"
"91-.038-.003-.","Curculionidae","Trypodendron","lineatum","(Olivier, 1795)","j","n","n"
"92-.001-.001-.","Curculionidae","Platypus","cylindrus","(Fabricius, 1792)","j","3","n"
"923.0041.001-.","Rhynchitidae","Neocoenrrhinus","germanicus","(Herbst, 1797)","n","n","n"
"923.0051.001-.","Rhynchitidae","Involvulus","pubescens","(Fabricius, 1775)","n","n","n"
"923.006-.001-.","Rhynchitidae","Byctiscus","betulae","(Linnaeus, 1758)","n","n","n"
"925.003-.004-.","Apionidae","Ceratapion","gibbirostre","(Gyllenhal, 1813)","n","n","n"
"925.011-.001-.","Apionidae","Kalcapion","pallipes","(Kirby, 1808)","n","n","n"
"925.015-.001-.","Apionidae","Malvapion","malvae","(Fabricius, 1775)","n","n","n"
"925.041-.002-.","Apionidae","Cyanapion","columbinum","(Germar, 1817)","n","n","n"
"925.042-.006-.","Apionidae","Oxystoma","pomonae","(Fabricius, 1798)","n","n","n"
"925.044-.001-.","Apionidae","Eutrichapion","viciae","(Paykull, 1800)","n","n","n"
"93-.015-.011-.","Curculionidae","Otiorhynchus","ligustici","(Linnaeus, 1758)","n","n","n"
"93-.021-.003-.","Curculionidae","Phyllobius","viridicollis","(Fabricius, 1792)","n","n","n"
"93-.021-.007-.","Curculionidae","Phyllobius","roboretanus","(Gredler, 1882)","n","n","n"
"93-.021-.008-.","Curculionidae","Phyllobius","oblongus","(Linnaeus, 1758)","n","n","n"
"93-.021-.014-.","Curculionidae","Phyllobius","pomaceus","Gyllenhal, 1834","n","n","n"
"93-.021-.015-.","Curculionidae","Phyllobius","glaucus","(Scopoli, 1763)","n","n","n"
"93-.021-.019-.","Curculionidae","Phyllobius","argentatus","(Linnaeus, 1758)","n","n","n"
"93-.021-.023-.","Curculionidae","Phyllobius","betulinus","(Bechstein & Scharfenberg, 1805)","n","n","n"
"93-.027-.003-.","Curculionidae","Polydrusus","aeratus","(Gravenhorst, 1807)","n","n","n"
"93-.027-.016-.","Curculionidae","Polydrusus","tereticollis","(De Geer, 1775)","n","n","n"
"93-.037-.011-.","Curculionidae","Exomias","pellucidus","(Boheman, 1834)","n","n","n"
"93-.044-.010-.","Curculionidae","Sitona","lineatus","(Linnaeus, 1758)","n","n","n"
"93-.044-.013-.","Curculionidae","Sitona","sulcifrons","(Thunberg, 1798)","n","n","n"
"93-.044-.019-.","Curculionidae","Sitona","macularius","(Marsham, 1802)","n","n","n"
"93-.044-.021-.","Curculionidae","Sitona","hispidulus","(Fabricius, 1776)","n","n","n"
"93-.044-.023-.","Curculionidae","Sitona","cylindricollis","Fahaeus, 1840","n","n","n"
"93-.044-.024-.","Curculionidae","Sitona","humeralis","Stephens, 1831","n","n","n"
"93-.077-.003-.","Curculionidae","Cossonus","linearis","(Fabricius, 1775)","j","n","n"
"93-.078-.005-.","Curculionidae","Rhyncolus","punctatulus","(Boheman, 1838","j","2","n"
"93-.079-.001-.","Curculionidae","Phloeophagus","lignarius","(Marsham, 1802)","j","n","n"
"93-.103-.001-.","Curculionidae","Lignyodes","enucleator","(Panzer, 1798)","n","3","n"
"93-.104-.019-.","Curculionidae","Tychius","picirostris","(Fabricius, 1787)","n","n","n"
"93-.104-.020-.","Curculionidae","Tychius","stephensi","(Schonherr, 1836","n","n","n"
"93-.104-.025-.","Curculionidae","Tychius","pusillus","(Germar, 1842","n","n","n"
"93-.106-.001-.","Curculionidae","Anthonmus","pomorum","(Linnaeus, 1758)","n","n","n"
"93-.106-.005-.","Curculionidae","Anthonmus","ulmi","(De Geer, 1775)","n","n","n"
"93-.106-.021-.","Curculionidae","Anthonmus","rectirostris","(Linnaeus, 1758)","n","n","n"
"93-.109-.004-.","Curculionidae","Bradybatus","kellneri","(Bach, 1854","n","n","n"
"93-.109-.006-.","Curculionidae","Bradybatus","fallax","(Gerstaecker, 1860","n","n","n"
"93-.110-.002-.","Curculionidae","Curculio","vensus","(Gravenhorst, 1807)","n","n","n"
"93-.110-.005-.","Curculionidae","Curculio","nucum","(Linnaeus, 1758","n","n","n"
"93-.110-.006-.","Curculionidae","Curculio","glandium","(Marsham, 1802","n","n","n"
"93-.1101.010-.","Curculionidae","Archarius","salicivorus","(Paykull, 1792)","n","n","n"
"93-.1101.011-.","Curculionidae","Archarius","pyrrhoceras","(Marsham, 1802)","n","n","n"
"93-.112-.004-.","Curculionidae","Magdalis","flavicornis","(Gyllenhal, 1836)","j","n","n"
"93-.112-.006-.","Curculionidae","Magdalis","cerasi","(Linnaeus, 1758)","j","n","n"
"93-.112-.008-.","Curculionidae","Magdalis","armigera","(Geoffroy, 1785)","j","n","n"
"93-.115-.002-.","Curculionidae","Hylobius","abietis","(Linnaeus, 1758)","j","n","n"
"93-.125-.019-.","Curculionidae","Hypera","miles","(Paykull, 1792)","n","n","n"
"93-.125-.030-.","Curculionidae","Hypera","nigrirostris","(Fabricius, 1775)","n","n","n"
"93-.126-.001-.","Curculionidae","Limobius","borealis","(Paykull, 1792)","n","n","n"
"93-.132-.001-.","Curculionidae","Gasterocercus","depressirostris","(Fabricius, 1792)","j","1","2"
"93-.157-.008-.","Curculionidae","Coeliodes","transversealbofasciatus","(Goeze, 1777)","n","n","n"
"93-.163-.023-.","Curculionidae","Ceutorhynchus","pallidactylus","(Marsham, 1802)","n","n","n"
"93-.163-.030-.","Curculionidae","Ceutorhynchus","assimilis","(Paykull, 1792)","n","n","n"
"93-.178-.001-.","Curculionidae","Stereonychus","fraxini","(De Geer, 1775)","n","n","n"
"93-.1804.002-.","Curculionidae","Orchestes","betuleti","(Panzer, 1795)","n","n","n"
"93-.1804.005-.","Curculionidae","Orchestes","quercus","(Linnaeus, 1758)","n","n","n"
"93-.1804.007-.","Curculionidae","Orchestes","hortorum","(Fabricius, 1792)","n","n","n"
"93-.1804.013-.","Curculionidae","Orchestes","fagi","(Linnaeus, 1758)","n","n","n"
"933.003-.001-.","Dryophthoridae","Dryophthorus","corticalis","(Paykull, 1792)","j","3","n"
